{
    "best_epoch": 29.0,
    "loss": 0.12381982058286667,
    "val_loss": 0.12577024102210999,
    "avg_time_epoch": 15.98366664137159
}