{
    "best_epoch": 30.0,
    "loss": 0.11928419768810272,
    "val_loss": 0.11910820752382278,
    "avg_time_epoch": 10.202726276715596
}