{
    "best_epoch": 5.0,
    "loss": 0.11217913031578064,
    "val_loss": 0.11457335948944092,
    "avg_time_epoch": 18.69372582435608
}